<?xml version="1.0" encoding="UTF-8"?>
<items>
    <item>
        <statNm>종묘 공영주차장</statNm>
        <statId>ME000001</statId>
        <chgerId>01</chgerId>
        <chgerType>03</chgerType>
        <addr>서울특별시 종로구 종로 157</addr>
        <location>null</location>
        <lat>37.571076</lat>
        <lng>126.99588</lng>
        <useTime>24시간 이용가능</useTime>
        <busiId>ME</busiId>
        <bnm>환경부</bnm>
        <busiNm>환경부</busiNm>
        <busiCall>1661-9408</busiCall>
        <stat>9</stat>
        <statUpdDt>20211109111310</statUpdDt>
        <lastTsdt>20211028002722</lastTsdt>
        <lastTedt>20211028004608</lastTedt>
        <nowTsdt />
        <powerType />
        <output>50</output>
        <method>단독</method>
        <zcode>11</zcode>
        <parkingFree>Y</parkingFree>
        <note />
        <limitYn>N</limitYn>
        <limitDetail />
        <delYn>N</delYn>
        <delDetail />
    </item>
    <item>
        <statNm>세종로 공영주차장</statNm>
        <statId>ME000002</statId>
        <chgerId>01</chgerId>
        <chgerType>06</chgerType>
        <addr>서울특별시 종로구 세종대로 189</addr>
        <location>null</location>
        <lat>37.573611</lat>
        <lng>126.976011</lng>
        <useTime>24시간 이용가능</useTime>
        <busiId>ME</busiId>
        <bnm>환경부</bnm>
        <busiNm>환경부</busiNm>
        <busiCall>1661-9408</busiCall>
        <stat>9</stat>
        <statUpdDt>20210831224310</statUpdDt>
        <lastTsdt>20210826023834</lastTsdt>
        <lastTedt>20210826030435</lastTedt>
        <nowTsdt />
        <powerType />
        <output>50</output>
        <method>단독</method>
        <zcode>11</zcode>
        <parkingFree>Y</parkingFree>
        <note />
        <limitYn>N</limitYn>
        <limitDetail />
        <delYn>N</delYn>
        <delDetail />
    </item>
    <item>
        <statNm>그랜드앰배서더 서울</statNm>
        <statId>ME000003</statId>
        <chgerId>01</chgerId>
        <chgerType>06</chgerType>
        <addr>서울특별시 중구 동호로 287</addr>
        <location>null</location>
        <lat>37.559352</lat>
        <lng>127.002350</lng>
        <useTime>24시간 이용가능</useTime>
        <busiId>ME</busiId>
        <bnm>환경부</bnm>
        <busiNm>환경부</busiNm>
        <busiCall>1661-9408</busiCall>
        <stat>9</stat>
        <statUpdDt>20210910103310</statUpdDt>
        <lastTsdt>20210905214809</lastTsdt>
        <lastTedt>20210905221814</lastTedt>
        <nowTsdt />
        <powerType />
        <output>50</output>
        <method>단독</method>
        <zcode>11</zcode>
        <parkingFree>N</parkingFree>
        <note />
        <limitYn>N</limitYn>
        <limitDetail />
        <delYn>N</delYn>
        <delDetail />
    </item>
    <item>
        <statNm>한강진역 공영주차장</statNm>
        <statId>ME000004</statId>
        <chgerId>01</chgerId>
        <chgerType>03</chgerType>
        <addr>서울특별시 용산구 한남동 산10-84</addr>
        <location>null</location>
        <lat>37.540085</lat>
        <lng>127.002804</lng>
        <useTime>24시간 이용가능</useTime>
        <busiId>ME</busiId>
        <bnm>환경부</bnm>
        <busiNm>환경부</busiNm>
        <busiCall>1661-9408</busiCall>
        <stat>9</stat>
        <statUpdDt>20210910095310</statUpdDt>
        <lastTsdt>20210903090537</lastTsdt>
        <lastTedt>20210903093530</lastTedt>
        <nowTsdt />
        <powerType />
        <output>50</output>
        <method>단독</method>
        <zcode>11</zcode>
        <parkingFree>Y</parkingFree>
        <note />
        <limitYn>N</limitYn>
        <limitDetail />
        <delYn>N</delYn>
        <delDetail />
    </item>
    <item>
        <statNm>기아차 성동서비스센터</statNm>
        <statId>ME000005</statId>
        <chgerId>01</chgerId>
        <chgerType>03</chgerType>
        <addr>서울특별시 성동구 성수이로26길 61</addr>
        <location>null</location>
        <lat>37.544834</lat>
        <lng>127.064226</lng>
        <useTime>24시간 이용가능</useTime>
        <busiId>ME</busiId>
        <bnm>환경부</bnm>
        <busiNm>환경부</busiNm>
        <busiCall>1661-9408</busiCall>
        <stat>9</stat>
        <statUpdDt>20210720194310</statUpdDt>
        <lastTsdt>20180713065154</lastTsdt>
        <lastTedt>20180713071607</lastTedt>
        <nowTsdt />
        <powerType />
        <output>50</output>
        <method>단독</method>
        <zcode>11</zcode>
        <parkingFree>N</parkingFree>
        <note>20190626 공사로 인한 임시철거</note>
        <limitYn>Y</limitYn>
        <limitDetail>20190626 공사로 인한 임시철거</limitDetail>
        <delYn>N</delYn>
        <delDetail />
    </item>
    <item>
        <statNm>마장동사무소 앞(공중전화부스)</statNm>
        <statId>ME000006</statId>
        <chgerId>01</chgerId>
        <chgerType>06</chgerType>
        <addr>서울특별시 성동구 마장동 808</addr>
        <location>null</location>
        <lat>37.5660935</lat>
        <lng>127.0455256</lng>
        <useTime>24시간 이용가능</useTime>
        <busiId>ME</busiId>
        <bnm>환경부</bnm>
        <busiNm>환경부</busiNm>
        <busiCall>1661-9408</busiCall>
        <stat>2</stat>
        <statUpdDt>20220303014305</statUpdDt>
        <lastTsdt>20220303012357</lastTsdt>
        <lastTedt>20220303013813</lastTedt>
        <nowTsdt />
        <powerType />
        <output>50</output>
        <method>단독</method>
        <zcode>11</zcode>
        <parkingFree>N</parkingFree>
        <note />
        <limitYn>N</limitYn>
        <limitDetail />
        <delYn>N</delYn>
        <delDetail />
    </item>
    <item>
        <statNm>청량리롯데백화점</statNm>
        <statId>ME000007</statId>
        <chgerId>01</chgerId>
        <chgerType>03</chgerType>
        <addr>서울특별시 동대문구 왕산로 214</addr>
        <location>null</location>
        <lat>37.580650</lat>
        <lng>127.047938</lng>
        <useTime>24시간 이용가능</useTime>
        <busiId>ME</busiId>
        <bnm>환경부</bnm>
        <busiNm>환경부</busiNm>
        <busiCall>1661-9408</busiCall>
        <stat>9</stat>
        <statUpdDt>20211025113310</statUpdDt>
        <lastTsdt>20211023185504</lastTsdt>
        <lastTedt>20211023185509</lastTedt>
        <nowTsdt />
        <powerType />
        <output>50</output>
        <method>단독</method>
        <zcode>11</zcode>
        <parkingFree>N</parkingFree>
        <note />
        <limitYn>N</limitYn>
        <limitDetail />
        <delYn>N</delYn>
        <delDetail />
    </item>
    <item>
        <statNm>이마트 이문점</statNm>
        <statId>ME000008</statId>
        <chgerId>01</chgerId>
        <chgerType>03</chgerType>
        <addr>서울특별시 동대문구 이문로 136</addr>
        <location>null</location>
        <lat>37.598454</lat>
        <lng>127.061848</lng>
        <useTime>10:00~24:00</useTime>
        <busiId>ME</busiId>
        <bnm>환경부</bnm>
        <busiNm>환경부</busiNm>
        <busiCall>1661-9408</busiCall>
        <stat>9</stat>
        <statUpdDt>20210803110810</statUpdDt>
        <lastTsdt>20210714170736</lastTsdt>
        <lastTedt>20210714174044</lastTedt>
        <nowTsdt />
        <powerType />
        <output>50</output>
        <method>단독</method>
        <zcode>11</zcode>
        <parkingFree>N</parkingFree>
        <note />
        <limitYn>N</limitYn>
        <limitDetail />
        <delYn>N</delYn>
        <delDetail />
    </item>
    <item>
        <statNm>홈플러스 면목점</statNm>
        <statId>ME000010</statId>
        <chgerId>01</chgerId>
        <chgerType>03</chgerType>
        <addr>서울특별시 중랑구 사가정로 332</addr>
        <location>null</location>
        <lat>37.580612</lat>
        <lng>127.08154</lng>
        <useTime>10:00~24:00</useTime>
        <busiId>ME</busiId>
        <bnm>환경부</bnm>
        <busiNm>환경부</busiNm>
        <busiCall>1661-9408</busiCall>
        <stat>9</stat>
        <statUpdDt>20210720194810</statUpdDt>
        <lastTsdt>20191020173705</lastTsdt>
        <lastTedt>20191020181231</lastTedt>
        <nowTsdt />
        <powerType />
        <output>50</output>
        <method>단독</method>
        <zcode>11</zcode>
        <parkingFree>N</parkingFree>
        <note />
        <limitYn>N</limitYn>
        <limitDetail />
        <delYn>N</delYn>
        <delDetail />
    </item>
    <item>
        <statNm>홈플러스 월곡점</statNm>
        <statId>ME000011</statId>
        <chgerId>01</chgerId>
        <chgerType>03</chgerType>
        <addr>서울특별시 성북구 화랑로 76</addr>
        <location>null</location>
        <lat>37.60208293</lat>
        <lng>127.04002398</lng>
        <useTime>10:00~24:00</useTime>
        <busiId>ME</busiId>
        <bnm>환경부</bnm>
        <busiNm>환경부</busiNm>
        <busiCall>1661-9408</busiCall>
        <stat>9</stat>
        <statUpdDt>20211029103810</statUpdDt>
        <lastTsdt>20211026170744</lastTsdt>
        <lastTedt>20211026174039</lastTedt>
        <nowTsdt />
        <powerType />
        <output>50</output>
        <method>단독</method>
        <zcode>11</zcode>
        <parkingFree>N</parkingFree>
        <note />
        <limitYn>N</limitYn>
        <limitDetail />
        <delYn>N</delYn>
        <delDetail />
    </item>
    <item>
        <statNm>성북벤처빌딩 공영주차장</statNm>
        <statId>ME000012</statId>
        <chgerId>01</chgerId>
        <chgerType>06</chgerType>
        <addr>서울특별시 성북구 장위2동 65-154</addr>
        <location>null</location>
        <lat>37.60936</lat>
        <lng>127.053263</lng>
        <useTime />
        <busiId>ME</busiId>
        <bnm>환경부</bnm>
        <busiNm>환경부</busiNm>
        <busiCall>1661-9408</busiCall>
        <stat>2</stat>
        <statUpdDt>20220303020410</statUpdDt>
        <lastTsdt>20220303013539</lastTsdt>
        <lastTedt>20220303020406</lastTedt>
        <nowTsdt />
        <powerType />
        <output>50</output>
        <method>단독</method>
        <zcode>11</zcode>
        <parkingFree>N</parkingFree>
        <note />
        <limitYn>N</limitYn>
        <limitDetail />
        <delYn>N</delYn>
        <delDetail />
    </item>
    <item>
        <statNm>롯데마트 삼양점</statNm>
        <statId>ME000013</statId>
        <chgerId>01</chgerId>
        <chgerType>03</chgerType>
        <addr>서울특별시 강북구 삼양로 247</addr>
        <location>null</location>
        <lat>37.625405</lat>
        <lng>127.017897</lng>
        <useTime>10:00~24:00</useTime>
        <busiId>ME</busiId>
        <bnm>환경부</bnm>
        <busiNm>환경부</busiNm>
        <busiCall>1661-9408</busiCall>
        <stat>9</stat>
        <statUpdDt>20211123185310</statUpdDt>
        <lastTsdt>00000000000000</lastTsdt>
        <lastTedt>20211008142006</lastTedt>
        <nowTsdt />
        <powerType />
        <output>50</output>
        <method>단독</method>
        <zcode>11</zcode>
        <parkingFree>N</parkingFree>
        <note />
        <limitYn>N</limitYn>
        <limitDetail />
        <delYn>N</delYn>
        <delDetail />
    </item>
    <item>
        <statNm>빅마켓 도봉점</statNm>
        <statId>ME000014</statId>
        <chgerId>01</chgerId>
        <chgerType>03</chgerType>
        <addr>서울특별시 도봉구 마들로 645</addr>
        <location>null</location>
        <lat>37.667567</lat>
        <lng>127.045490</lng>
        <useTime>10:00~22:00</useTime>
        <busiId>ME</busiId>
        <bnm>환경부</bnm>
        <busiNm>환경부</busiNm>
        <busiCall>1661-9408</busiCall>
        <stat>9</stat>
        <statUpdDt>20210720194810</statUpdDt>
        <lastTsdt>20201219114041</lastTsdt>
        <lastTedt>20201219122100</lastTedt>
        <nowTsdt />
        <powerType />
        <output>50</output>
        <method>단독</method>
        <zcode>11</zcode>
        <parkingFree>N</parkingFree>
        <note />
        <limitYn>N</limitYn>
        <limitDetail />
        <delYn>N</delYn>
        <delDetail />
    </item>
    <item>
        <statNm>이마트 은평점</statNm>
        <statId>ME000016</statId>
        <chgerId>01</chgerId>
        <chgerType>03</chgerType>
        <addr>서울특별시 은평구 은평로 111</addr>
        <location>null</location>
        <lat>37.60047527</lat>
        <lng>126.92047408</lng>
        <useTime>10:00~24:00</useTime>
        <busiId>ME</busiId>
        <bnm>환경부</bnm>
        <busiNm>환경부</busiNm>
        <busiCall>1661-9408</busiCall>
        <stat>9</stat>
        <statUpdDt>20210906100310</statUpdDt>
        <lastTsdt>20210821103901</lastTsdt>
        <lastTedt>20210821104005</lastTedt>
        <nowTsdt />
        <powerType />
        <output>50</output>
        <method>단독</method>
        <zcode>11</zcode>
        <parkingFree>N</parkingFree>
        <note />
        <limitYn>N</limitYn>
        <limitDetail />
        <delYn>N</delYn>
        <delDetail />
    </item>
    <item>
        <statNm>구파발역 환승주차장</statNm>
        <statId>ME000017</statId>
        <chgerId>01</chgerId>
        <chgerType>03</chgerType>
        <addr>서울특별시 은평구 진관동 66-30</addr>
        <location>null</location>
        <lat>37.637910</lat>
        <lng>126.91910</lng>
        <useTime>24시간 이용가능</useTime>
        <busiId>ME</busiId>
        <bnm>환경부</bnm>
        <busiNm>환경부</busiNm>
        <busiCall>1661-9408</busiCall>
        <stat>9</stat>
        <statUpdDt>20210910102810</statUpdDt>
        <lastTsdt>20210908132656</lastTsdt>
        <lastTedt>20210908140712</lastTedt>
        <nowTsdt />
        <powerType />
        <output>50</output>
        <method>단독</method>
        <zcode>11</zcode>
        <parkingFree>Y</parkingFree>
        <note />
        <limitYn>N</limitYn>
        <limitDetail />
        <delYn>N</delYn>
        <delDetail />
    </item>
    <item>
        <statNm>홈플러스 월드컵점</statNm>
        <statId>ME000018</statId>
        <chgerId>01</chgerId>
        <chgerType>03</chgerType>
        <addr>서울특별시 마포구 월드컵로 240</addr>
        <location>null</location>
        <lat>37.566685</lat>
        <lng>126.898753</lng>
        <useTime>08:00~24:00</useTime>
        <busiId>ME</busiId>
        <bnm>환경부</bnm>
        <busiNm>환경부</busiNm>
        <busiCall>1661-9408</busiCall>
        <stat>9</stat>
        <statUpdDt>20210903142310</statUpdDt>
        <lastTsdt>20210903125236</lastTsdt>
        <lastTedt>20210903131215</lastTedt>
        <nowTsdt />
        <powerType />
        <output>50</output>
        <method>단독</method>
        <zcode>11</zcode>
        <parkingFree>N</parkingFree>
        <note />
        <limitYn>N</limitYn>
        <limitDetail />
        <delYn>N</delYn>
        <delDetail />
    </item>
    <item>
        <statNm>시설관리공단 마포유수지주차장</statNm>
        <statId>ME000019</statId>
        <chgerId>01</chgerId>
        <chgerType>03</chgerType>
        <addr>서울특별시 마포구 마포대로1길 19</addr>
        <location>null</location>
        <lat>37.539442</lat>
        <lng>126.943054</lng>
        <useTime>24시간 이용가능</useTime>
        <busiId>ME</busiId>
        <bnm>환경부</bnm>
        <busiNm>환경부</busiNm>
        <busiCall>1661-9408</busiCall>
        <stat>9</stat>
        <statUpdDt>20210910095310</statUpdDt>
        <lastTsdt>20210907094636</lastTsdt>
        <lastTedt>20210907102642</lastTedt>
        <nowTsdt />
        <powerType />
        <output>50</output>
        <method>단독</method>
        <zcode>11</zcode>
        <parkingFree>Y</parkingFree>
        <note />
        <limitYn>N</limitYn>
        <limitDetail />
        <delYn>N</delYn>
        <delDetail />
    </item>
    <item>
        <statNm>노을공원</statNm>
        <statId>ME000020</statId>
        <chgerId>01</chgerId>
        <chgerType>06</chgerType>
        <addr>서울특별시 마포구 상암동 482-116, </addr>
        <location>null</location>
        <lat>37.569588</lat>
        <lng>126.879244</lng>
        <useTime>24시간 이용가능</useTime>
        <busiId>ME</busiId>
        <bnm>환경부</bnm>
        <busiNm>환경부</busiNm>
        <busiCall>1661-9408</busiCall>
        <stat>9</stat>
        <statUpdDt>20210908171810</statUpdDt>
        <lastTsdt>20210908154008</lastTsdt>
        <lastTedt>20210908161405</lastTedt>
        <nowTsdt />
        <powerType />
        <output>50</output>
        <method>단독</method>
        <zcode>11</zcode>
        <parkingFree>Y</parkingFree>
        <note />
        <limitYn>N</limitYn>
        <limitDetail />
        <delYn>N</delYn>
        <delDetail />
    </item>
    <item>
        <statNm>홈플러스 목동점</statNm>
        <statId>ME000021</statId>
        <chgerId>01</chgerId>
        <chgerType>03</chgerType>
        <addr>서울특별시 양천구 목동서로 170</addr>
        <location>null</location>
        <lat>37.52992611</lat>
        <lng>126.87364033</lng>
        <useTime>10:00~24:00</useTime>
        <busiId>ME</busiId>
        <bnm>환경부</bnm>
        <busiNm>환경부</busiNm>
        <busiCall>1661-9408</busiCall>
        <stat>9</stat>
        <statUpdDt>20210810163310</statUpdDt>
        <lastTsdt>20210809121423</lastTsdt>
        <lastTedt>20210809124240</lastTedt>
        <nowTsdt />
        <powerType />
        <output>50</output>
        <method>단독</method>
        <zcode>11</zcode>
        <parkingFree>N</parkingFree>
        <note />
        <limitYn>N</limitYn>
        <limitDetail />
        <delYn>N</delYn>
        <delDetail />
    </item>
    <item>
        <statNm>해맞이공영주차장</statNm>
        <statId>ME000022</statId>
        <chgerId>01</chgerId>
        <chgerType>06</chgerType>
        <addr>서울특별시 양천구 지양로 47</addr>
        <location>null</location>
        <lat>37.520062</lat>
        <lng>126.834854</lng>
        <useTime>24시간 이용가능</useTime>
        <busiId>ME</busiId>
        <bnm>환경부</bnm>
        <busiNm>환경부</busiNm>
        <busiCall>1661-9408</busiCall>
        <stat>2</stat>
        <statUpdDt>20220302182426</statUpdDt>
        <lastTsdt>20220302174349</lastTsdt>
        <lastTedt>20220302182428</lastTedt>
        <nowTsdt />
        <powerType />
        <output>50</output>
        <method>단독</method>
        <zcode>11</zcode>
        <parkingFree>N</parkingFree>
        <note />
        <limitYn>N</limitYn>
        <limitDetail />
        <delYn>N</delYn>
        <delDetail />
    </item>
    <item>
        <statNm>홈플러스 가양점</statNm>
        <statId>ME000023</statId>
        <chgerId>01</chgerId>
        <chgerType>03</chgerType>
        <addr>서울특별시 강서구 양천로 431</addr>
        <location>null</location>
        <lat>37.56401856</lat>
        <lng>126.85059572</lng>
        <useTime>10:00~24:00</useTime>
        <busiId>ME</busiId>
        <bnm>환경부</bnm>
        <busiNm>환경부</busiNm>
        <busiCall>1661-9408</busiCall>
        <stat>9</stat>
        <statUpdDt>20211007154310</statUpdDt>
        <lastTsdt>20210810155032</lastTsdt>
        <lastTedt>20210810162741</lastTedt>
        <nowTsdt />
        <powerType />
        <output>50</output>
        <method>단독</method>
        <zcode>11</zcode>
        <parkingFree>N</parkingFree>
        <note />
        <limitYn>N</limitYn>
        <limitDetail />
        <delYn>N</delYn>
        <delDetail />
    </item>
    <item>
        <statNm>롯데마트 김포공항점</statNm>
        <statId>ME000024</statId>
        <chgerId>01</chgerId>
        <chgerType>06</chgerType>
        <addr>서울특별시 강서구 하늘길 77</addr>
        <location>null</location>
        <lat>37.563453</lat>
        <lng>126.803539</lng>
        <useTime>24시간 이용가능</useTime>
        <busiId>ME</busiId>
        <bnm>환경부</bnm>
        <busiNm>환경부</busiNm>
        <busiCall>1661-9408</busiCall>
        <stat>9</stat>
        <statUpdDt>20210728120310</statUpdDt>
        <lastTsdt>20210728110633</lastTsdt>
        <lastTedt>20210728113035</lastTedt>
        <nowTsdt />
        <powerType />
        <output>50</output>
        <method>단독</method>
        <zcode>11</zcode>
        <parkingFree>Y</parkingFree>
        <note />
        <limitYn>N</limitYn>
        <limitDetail />
        <delYn>N</delYn>
        <delDetail />
    </item>
    <item>
        <statNm>메이필드호텔</statNm>
        <statId>ME000025</statId>
        <chgerId>01</chgerId>
        <chgerType>06</chgerType>
        <addr>서울특별시 강서구 방화대로 94</addr>
        <location>null</location>
        <lat>37.546851</lat>
        <lng>126.818613</lng>
        <useTime>24시간 이용가능</useTime>
        <busiId>ME</busiId>
        <bnm>환경부</bnm>
        <busiNm>환경부</busiNm>
        <busiCall>1661-9408</busiCall>
        <stat>9</stat>
        <statUpdDt>20210810172810</statUpdDt>
        <lastTsdt>20210810155310</lastTsdt>
        <lastTedt>20210810161627</lastTedt>
        <nowTsdt />
        <powerType />
        <output>50</output>
        <method>단독</method>
        <zcode>11</zcode>
        <parkingFree>N</parkingFree>
        <note />
        <limitYn>N</limitYn>
        <limitDetail />
        <delYn>N</delYn>
        <delDetail />
    </item>
    <item>
        <statNm>롯데마트 구로점</statNm>
        <statId>ME000026</statId>
        <chgerId>01</chgerId>
        <chgerType>03</chgerType>
        <addr>서울특별시 구로구 경인로 482</addr>
        <location>null</location>
        <lat>37.49797486</lat>
        <lng>126.87234534</lng>
        <useTime>10:00~24:00</useTime>
        <busiId>ME</busiId>
        <bnm>환경부</bnm>
        <busiNm>환경부</busiNm>
        <busiCall>1661-9408</busiCall>
        <stat>9</stat>
        <statUpdDt>20210720194810</statUpdDt>
        <lastTsdt>20201128134516</lastTsdt>
        <lastTedt>20201128142531</lastTedt>
        <nowTsdt />
        <powerType />
        <output>50</output>
        <method>단독</method>
        <zcode>11</zcode>
        <parkingFree>N</parkingFree>
        <note />
        <limitYn>N</limitYn>
        <limitDetail />
        <delYn>N</delYn>
        <delDetail />
    </item>
    <item>
        <statNm>천왕역 환승주차장</statNm>
        <statId>ME000027</statId>
        <chgerId>01</chgerId>
        <chgerType>03</chgerType>
        <addr>서울특별시 구로구 오류동 174-10</addr>
        <location>null</location>
        <lat>37.487234</lat>
        <lng>126.839153</lng>
        <useTime>24시간 이용가능</useTime>
        <busiId>ME</busiId>
        <bnm>환경부</bnm>
        <busiNm>환경부</busiNm>
        <busiCall>1661-9408</busiCall>
        <stat>9</stat>
        <statUpdDt>20210910102810</statUpdDt>
        <lastTsdt>20210209000603</lastTsdt>
        <lastTedt>20210120130054</lastTedt>
        <nowTsdt />
        <powerType />
        <output>50</output>
        <method>단독</method>
        <zcode>11</zcode>
        <parkingFree>Y</parkingFree>
        <note />
        <limitYn>N</limitYn>
        <limitDetail />
        <delYn>N</delYn>
        <delDetail />
    </item>
    <item>
        <statNm>구로리공원 앞(공중전화부스)</statNm>
        <statId>ME000028</statId>
        <chgerId>01</chgerId>
        <chgerType>06</chgerType>
        <addr>서울특별시 구로구 구로동 136-14</addr>
        <location>null</location>
        <lat>37.4912466</lat>
        <lng>126.8919514</lng>
        <useTime>24시간 이용가능</useTime>
        <busiId>ME</busiId>
        <bnm>환경부</bnm>
        <busiNm>환경부</busiNm>
        <busiCall>1661-9408</busiCall>
        <stat>2</stat>
        <statUpdDt>20220303074223</statUpdDt>
        <lastTsdt>20220303072035</lastTsdt>
        <lastTedt>20220303074218</lastTedt>
        <nowTsdt />
        <powerType />
        <output>50</output>
        <method>단독</method>
        <zcode>11</zcode>
        <parkingFree>N</parkingFree>
        <note />
        <limitYn>N</limitYn>
        <limitDetail />
        <delYn>N</delYn>
        <delDetail />
    </item>
    <item>
        <statNm>홈플러스 시흥점</statNm>
        <statId>ME000029</statId>
        <chgerId>01</chgerId>
        <chgerType>03</chgerType>
        <addr>서울특별시 금천구 시흥대로 201</addr>
        <location>null</location>
        <lat>37.45222814</lat>
        <lng>126.90093936</lng>
        <useTime>10:00~24:00</useTime>
        <busiId>ME</busiId>
        <bnm>환경부</bnm>
        <busiNm>환경부</busiNm>
        <busiCall>1661-9408</busiCall>
        <stat>9</stat>
        <statUpdDt>20210803110810</statUpdDt>
        <lastTsdt>20190427124633</lastTsdt>
        <lastTedt>20190426165226</lastTedt>
        <nowTsdt />
        <powerType />
        <output>50</output>
        <method>단독</method>
        <zcode>11</zcode>
        <parkingFree>N</parkingFree>
        <note />
        <limitYn>N</limitYn>
        <limitDetail />
        <delYn>N</delYn>
        <delDetail />
    </item>
    <item>
        <statNm>독산1동 공영주차장</statNm>
        <statId>ME000030</statId>
        <chgerId>01</chgerId>
        <chgerType>03</chgerType>
        <addr>서울특별시 금천구 범안로12가길 65</addr>
        <location>null</location>
        <lat>37.464893</lat>
        <lng>126.894790</lng>
        <useTime>24시간 이용가능</useTime>
        <busiId>ME</busiId>
        <bnm>환경부</bnm>
        <busiNm>환경부</busiNm>
        <busiCall>1661-9408</busiCall>
        <stat>9</stat>
        <statUpdDt>20210910095310</statUpdDt>
        <lastTsdt>20210822210410</lastTsdt>
        <lastTedt>20210822213032</lastTedt>
        <nowTsdt />
        <powerType />
        <output>50</output>
        <method>단독</method>
        <zcode>11</zcode>
        <parkingFree>Y</parkingFree>
        <note />
        <limitYn>N</limitYn>
        <limitDetail />
        <delYn>N</delYn>
        <delDetail />
    </item>
    <item>
        <statNm>제일모직아울렛 건너편(공중전화부스)</statNm>
        <statId>ME000031</statId>
        <chgerId>01</chgerId>
        <chgerType>06</chgerType>
        <addr>서울특별시 금천구 가산동 239-27</addr>
        <location>null</location>
        <lat>37.4744454</lat>
        <lng>126.8867302</lng>
        <useTime>24시간 이용가능</useTime>
        <busiId>ME</busiId>
        <bnm>환경부</bnm>
        <busiNm>환경부</busiNm>
        <busiCall>1661-9408</busiCall>
        <stat>5</stat>
        <statUpdDt>20220302152925</statUpdDt>
        <lastTsdt>20220228061736</lastTsdt>
        <lastTedt>20220228065743</lastTedt>
        <nowTsdt>20220302153958</nowTsdt>
        <powerType />
        <output>50</output>
        <method>단독</method>
        <zcode>11</zcode>
        <parkingFree>N</parkingFree>
        <note />
        <limitYn>N</limitYn>
        <limitDetail />
        <delYn>N</delYn>
        <delDetail />
    </item>
    <item>
        <statNm>영등포구 대신시장(공중전화부스)</statNm>
        <statId>ME000032</statId>
        <chgerId>01</chgerId>
        <chgerType>06</chgerType>
        <addr>서울특별시 영등포구 신길1동 116-15</addr>
        <location>null</location>
        <lat>37.5113404</lat>
        <lng>126.9176919</lng>
        <useTime>24시간 이용가능</useTime>
        <busiId>ME</busiId>
        <bnm>환경부</bnm>
        <busiNm>환경부</busiNm>
        <busiCall>1661-9408</busiCall>
        <stat>2</stat>
        <statUpdDt>20220303014922</statUpdDt>
        <lastTsdt>20220302194732</lastTsdt>
        <lastTedt>20220302202739</lastTedt>
        <nowTsdt />
        <powerType />
        <output>50</output>
        <method>단독</method>
        <zcode>11</zcode>
        <parkingFree>N</parkingFree>
        <note />
        <limitYn>N</limitYn>
        <limitDetail />
        <delYn>N</delYn>
        <delDetail />
    </item>
    <item>
        <statNm>현대차 남부서비스센터</statNm>
        <statId>ME000034</statId>
        <chgerId>01</chgerId>
        <chgerType>03</chgerType>
        <addr>서울특별시 동작구 노량진로 53</addr>
        <location>null</location>
        <lat>37.514185</lat>
        <lng>126.931894</lng>
        <useTime>24시간 이용가능</useTime>
        <busiId>ME</busiId>
        <bnm>환경부</bnm>
        <busiNm>환경부</busiNm>
        <busiCall>1661-9408</busiCall>
        <stat>9</stat>
        <statUpdDt>20210803111310</statUpdDt>
        <lastTsdt>20210620221816</lastTsdt>
        <lastTedt>20210620224212</lastTedt>
        <nowTsdt />
        <powerType />
        <output>50</output>
        <method>단독</method>
        <zcode>11</zcode>
        <parkingFree>N</parkingFree>
        <note />
        <limitYn>N</limitYn>
        <limitDetail />
        <delYn>N</delYn>
        <delDetail />
    </item>
    <item>
        <statNm>동작주차공원 공영주차장</statNm>
        <statId>ME000035</statId>
        <chgerId>01</chgerId>
        <chgerType>06</chgerType>
        <addr>서울특별시 동작구 현충로 213</addr>
        <location>null</location>
        <lat>37.503803</lat>
        <lng>126.976775</lng>
        <useTime>24시간 이용가능</useTime>
        <busiId>ME</busiId>
        <bnm>환경부</bnm>
        <busiNm>환경부</busiNm>
        <busiCall>1661-9408</busiCall>
        <stat>9</stat>
        <statUpdDt>20210910103310</statUpdDt>
        <lastTsdt>20210731173332</lastTsdt>
        <lastTedt>20210731181338</lastTedt>
        <nowTsdt />
        <powerType />
        <output>50</output>
        <method>단독</method>
        <zcode>11</zcode>
        <parkingFree>Y</parkingFree>
        <note />
        <limitYn>N</limitYn>
        <limitDetail />
        <delYn>N</delYn>
        <delDetail />
    </item>
    <item>
        <statNm>조원동 제1공영주차장</statNm>
        <statId>ME000036</statId>
        <chgerId>01</chgerId>
        <chgerType>06</chgerType>
        <addr>서울특별시 관악구 신림동 571-6</addr>
        <location>null</location>
        <lat>37.481069</lat>
        <lng>126.905703</lng>
        <useTime>24시간 이용가능</useTime>
        <busiId>ME</busiId>
        <bnm>환경부</bnm>
        <busiNm>환경부</busiNm>
        <busiCall>1661-9408</busiCall>
        <stat>9</stat>
        <statUpdDt>20220113124810</statUpdDt>
        <lastTsdt>20220113114747</lastTsdt>
        <lastTedt>20220113121349</lastTedt>
        <nowTsdt />
        <powerType />
        <output>50</output>
        <method>단독</method>
        <zcode>11</zcode>
        <parkingFree>N</parkingFree>
        <note />
        <limitYn>N</limitYn>
        <limitDetail />
        <delYn>N</delYn>
        <delDetail />
    </item>
    <item>
        <statNm>사당역 공영주차장</statNm>
        <statId>ME000037</statId>
        <chgerId>01</chgerId>
        <chgerType>03</chgerType>
        <addr>서울특별시 서초구 과천대로 950-18</addr>
        <location>null</location>
        <lat>37.475256</lat>
        <lng>126.982638</lng>
        <useTime>24시간 이용가능</useTime>
        <busiId>ME</busiId>
        <bnm>환경부</bnm>
        <busiNm>환경부</busiNm>
        <busiCall>1661-9408</busiCall>
        <stat>9</stat>
        <statUpdDt>20210910095310</statUpdDt>
        <lastTsdt>20210908163408</lastTsdt>
        <lastTedt>20210908171323</lastTedt>
        <nowTsdt />
        <powerType />
        <output>50</output>
        <method>단독</method>
        <zcode>11</zcode>
        <parkingFree>Y</parkingFree>
        <note />
        <limitYn>N</limitYn>
        <limitDetail />
        <delYn>N</delYn>
        <delDetail />
    </item>
    <item>
        <statNm>이마트 양재점</statNm>
        <statId>ME000038</statId>
        <chgerId>01</chgerId>
        <chgerType>03</chgerType>
        <addr>서울특별시 서초구 매헌로 16</addr>
        <location>null</location>
        <lat>37.463293</lat>
        <lng>127.036812</lng>
        <useTime>09:00~24:00</useTime>
        <busiId>ME</busiId>
        <bnm>환경부</bnm>
        <busiNm>환경부</busiNm>
        <busiCall>1661-9408</busiCall>
        <stat>9</stat>
        <statUpdDt>20211007154810</statUpdDt>
        <lastTsdt>20210701215224</lastTsdt>
        <lastTedt>20210701222250</lastTedt>
        <nowTsdt />
        <powerType />
        <output>50</output>
        <method>단독</method>
        <zcode>11</zcode>
        <parkingFree>N</parkingFree>
        <note />
        <limitYn>N</limitYn>
        <limitDetail />
        <delYn>N</delYn>
        <delDetail />
    </item>
    <item>
        <statNm>수서역 공영주차장</statNm>
        <statId>ME000039</statId>
        <chgerId>01</chgerId>
        <chgerType>03</chgerType>
        <addr>서울특별시 강남구 수서동 735</addr>
        <location>null</location>
        <lat>37.487569</lat>
        <lng>127.101016</lng>
        <useTime>24시간 이용가능</useTime>
        <busiId>ME</busiId>
        <bnm>환경부</bnm>
        <busiNm>환경부</busiNm>
        <busiCall>1661-9408</busiCall>
        <stat>9</stat>
        <statUpdDt>20210910095310</statUpdDt>
        <lastTsdt>20210908155218</lastTsdt>
        <lastTedt>20210908163039</lastTedt>
        <nowTsdt />
        <powerType />
        <output>50</output>
        <method>단독</method>
        <zcode>11</zcode>
        <parkingFree>Y</parkingFree>
        <note />
        <limitYn>N</limitYn>
        <limitDetail />
        <delYn>N</delYn>
        <delDetail />
    </item>
    <item>
        <statNm>학여울역 공영주차장</statNm>
        <statId>ME000040</statId>
        <chgerId>01</chgerId>
        <chgerType>03</chgerType>
        <addr>서울특별시 강남구 남부순환로 3104</addr>
        <location>null</location>
        <lat>37.496722</lat>
        <lng>127.070444</lng>
        <useTime>05:00~익일01:00</useTime>
        <busiId>ME</busiId>
        <bnm>환경부</bnm>
        <busiNm>환경부</busiNm>
        <busiCall>1661-9408</busiCall>
        <stat>9</stat>
        <statUpdDt>20211021153310</statUpdDt>
        <lastTsdt>20211005183947</lastTsdt>
        <lastTedt>20211005192005</lastTedt>
        <nowTsdt />
        <powerType />
        <output>50</output>
        <method>단독</method>
        <zcode>11</zcode>
        <parkingFree>Y</parkingFree>
        <note />
        <limitYn>N</limitYn>
        <limitDetail />
        <delYn>N</delYn>
        <delDetail />
    </item>
    <item>
        <statNm>GS칼텍스 삼성로점</statNm>
        <statId>ME000041</statId>
        <chgerId>01</chgerId>
        <chgerType>03</chgerType>
        <addr>서울특별시 강남구 삼성로 563</addr>
        <location>null</location>
        <lat>37.5118672</lat>
        <lng>127.0536275</lng>
        <useTime>24시간 이용가능</useTime>
        <busiId>ME</busiId>
        <bnm>환경부</bnm>
        <busiNm>환경부</busiNm>
        <busiCall>1661-9408</busiCall>
        <stat>9</stat>
        <statUpdDt>20210720194310</statUpdDt>
        <lastTsdt>20190208010549</lastTsdt>
        <lastTedt>20190208014248</lastTedt>
        <nowTsdt />
        <powerType />
        <output>50</output>
        <method>단독</method>
        <zcode>11</zcode>
        <parkingFree>N</parkingFree>
        <note>20190626 공사로 인한 임시철거</note>
        <limitYn>Y</limitYn>
        <limitDetail>20190626 공사로 인한 임시철거</limitDetail>
        <delYn>N</delYn>
        <delDetail />
    </item>
    <item>
        <statNm>개포동공원 공영주차장</statNm>
        <statId>ME000042</statId>
        <chgerId>01</chgerId>
        <chgerType>06</chgerType>
        <addr>서울특별시 강남구 개포로 509</addr>
        <location>null</location>
        <lat>37.489757</lat>
        <lng>127.068269</lng>
        <useTime>24시간 이용가능</useTime>
        <busiId>ME</busiId>
        <bnm>환경부</bnm>
        <busiNm>환경부</busiNm>
        <busiCall>1661-9408</busiCall>
        <stat>9</stat>
        <statUpdDt>20210910095310</statUpdDt>
        <lastTsdt>20210908134727</lastTsdt>
        <lastTedt>20210908135425</lastTedt>
        <nowTsdt />
        <powerType />
        <output>50</output>
        <method>단독</method>
        <zcode>11</zcode>
        <parkingFree>Y</parkingFree>
        <note />
        <limitYn>N</limitYn>
        <limitDetail />
        <delYn>N</delYn>
        <delDetail />
    </item>
    <item>
        <statNm>탄천제2호 공영주차장</statNm>
        <statId>ME000043</statId>
        <chgerId>01</chgerId>
        <chgerType>06</chgerType>
        <addr>서울특별시 강남구 일원동 4-49</addr>
        <location>null</location>
        <lat>37.493865</lat>
        <lng>127.087230</lng>
        <useTime>24시간 이용가능</useTime>
        <busiId>ME</busiId>
        <bnm>환경부</bnm>
        <busiNm>환경부</busiNm>
        <busiCall>1661-9408</busiCall>
        <stat>9</stat>
        <statUpdDt>20210728141310</statUpdDt>
        <lastTsdt>20210722155647</lastTsdt>
        <lastTedt>20210722163710</lastTedt>
        <nowTsdt />
        <powerType />
        <output>50</output>
        <method>단독</method>
        <zcode>11</zcode>
        <parkingFree>Y</parkingFree>
        <note />
        <limitYn>N</limitYn>
        <limitDetail />
        <delYn>N</delYn>
        <delDetail />
    </item>
    <item>
        <statNm>롯데마트 잠실점</statNm>
        <statId>ME000044</statId>
        <chgerId>01</chgerId>
        <chgerType>03</chgerType>
        <addr>서울특별시 송파구 올림픽로 240</addr>
        <location>null</location>
        <lat>37.511818</lat>
        <lng>127.096321</lng>
        <useTime>10:00~24:00</useTime>
        <busiId>ME</busiId>
        <bnm>환경부</bnm>
        <busiNm>환경부</busiNm>
        <busiCall>1661-9408</busiCall>
        <stat>9</stat>
        <statUpdDt>20211117140810</statUpdDt>
        <lastTsdt>20211113134232</lastTsdt>
        <lastTedt>20211113142102</lastTedt>
        <nowTsdt />
        <powerType />
        <output>50</output>
        <method>단독</method>
        <zcode>11</zcode>
        <parkingFree>N</parkingFree>
        <note />
        <limitYn>N</limitYn>
        <limitDetail />
        <delYn>N</delYn>
        <delDetail />
    </item>
    <item>
        <statNm>이마트 명일점</statNm>
        <statId>ME000045</statId>
        <chgerId>01</chgerId>
        <chgerType>03</chgerType>
        <addr>서울특별시 강동구 고덕로 276</addr>
        <location>null</location>
        <lat>37.554606</lat>
        <lng>127.155966</lng>
        <useTime>10:00~24:00</useTime>
        <busiId>ME</busiId>
        <bnm>환경부</bnm>
        <busiNm>환경부</busiNm>
        <busiCall>1661-9408</busiCall>
        <stat>9</stat>
        <statUpdDt>20210803111310</statUpdDt>
        <lastTsdt>20210709105113</lastTsdt>
        <lastTedt>20210709105137</lastTedt>
        <nowTsdt />
        <powerType />
        <output>50</output>
        <method>단독</method>
        <zcode>11</zcode>
        <parkingFree>N</parkingFree>
        <note />
        <limitYn>N</limitYn>
        <limitDetail />
        <delYn>N</delYn>
        <delDetail />
    </item>
    <item>
        <statNm>홈플러스 영도점</statNm>
        <statId>ME000046</statId>
        <chgerId>01</chgerId>
        <chgerType>01</chgerType>
        <addr>부산광역시 영도구 대교로14번길 57</addr>
        <location>null</location>
        <lat>35.095906</lat>
        <lng>129.044240</lng>
        <useTime>09:00~24:00</useTime>
        <busiId>ME</busiId>
        <bnm>환경부</bnm>
        <busiNm>환경부</busiNm>
        <busiCall>1661-9408</busiCall>
        <stat>9</stat>
        <statUpdDt>20220117151310</statUpdDt>
        <lastTsdt>20220114143847</lastTsdt>
        <lastTedt>20220114150731</lastTedt>
        <nowTsdt />
        <powerType />
        <output>50</output>
        <method>단독</method>
        <zcode>26</zcode>
        <parkingFree>N</parkingFree>
        <note />
        <limitYn>N</limitYn>
        <limitDetail />
        <delYn>N</delYn>
        <delDetail />
    </item>
    <item>
        <statNm>온천장역 공영주차장</statNm>
        <statId>ME000047</statId>
        <chgerId>01</chgerId>
        <chgerType>06</chgerType>
        <addr>부산광역시 금정구 오시게로 20</addr>
        <location>null</location>
        <lat>35.219290</lat>
        <lng>129.086050</lng>
        <useTime>24시간 이용가능</useTime>
        <busiId>ME</busiId>
        <bnm>환경부</bnm>
        <busiNm>환경부</busiNm>
        <busiCall>1661-9408</busiCall>
        <stat>9</stat>
        <statUpdDt>20210910102310</statUpdDt>
        <lastTsdt>20210904174632</lastTsdt>
        <lastTedt>20210904181653</lastTedt>
        <nowTsdt />
        <powerType />
        <output>50</output>
        <method>단독</method>
        <zcode>26</zcode>
        <parkingFree>Y</parkingFree>
        <note />
        <limitYn>N</limitYn>
        <limitDetail />
        <delYn>N</delYn>
        <delDetail />
    </item>
    <item>
        <statNm>이마트 문현점</statNm>
        <statId>ME000048</statId>
        <chgerId>01</chgerId>
        <chgerType>03</chgerType>
        <addr>부산광역시 남구 전포대로91번길 47</addr>
        <location>null</location>
        <lat>35.144356</lat>
        <lng>129.064256</lng>
        <useTime>10:00~24:00</useTime>
        <busiId>ME</busiId>
        <bnm>환경부</bnm>
        <busiNm>환경부</busiNm>
        <busiCall>1661-9408</busiCall>
        <stat>9</stat>
        <statUpdDt>20211021140810</statUpdDt>
        <lastTsdt>20211018170721</lastTsdt>
        <lastTedt>20211018174752</lastTedt>
        <nowTsdt />
        <powerType />
        <output>50</output>
        <method>단독</method>
        <zcode>26</zcode>
        <parkingFree>N</parkingFree>
        <note />
        <limitYn>N</limitYn>
        <limitDetail />
        <delYn>N</delYn>
        <delDetail />
    </item>
    <item>
        <statNm>하단역 공영주차장</statNm>
        <statId>ME000051</statId>
        <chgerId>01</chgerId>
        <chgerType>06</chgerType>
        <addr>부산광역시 사하구 하신중앙로 313</addr>
        <location>null</location>
        <lat>35.106166</lat>
        <lng>128.965760</lng>
        <useTime>24시간 이용가능</useTime>
        <busiId>ME</busiId>
        <bnm>환경부</bnm>
        <busiNm>환경부</busiNm>
        <busiCall>1661-9408</busiCall>
        <stat>9</stat>
        <statUpdDt>20210910102310</statUpdDt>
        <lastTsdt>20210908113448</lastTsdt>
        <lastTedt>20210908121455</lastTedt>
        <nowTsdt />
        <powerType />
        <output>50</output>
        <method>단독</method>
        <zcode>26</zcode>
        <parkingFree>Y</parkingFree>
        <note />
        <limitYn>N</limitYn>
        <limitDetail />
        <delYn>N</delYn>
        <delDetail />
    </item>
    <item>
        <statNm>이마트 금정점</statNm>
        <statId>ME000052</statId>
        <chgerId>01</chgerId>
        <chgerType>01</chgerType>
        <addr>부산광역시 금정구 중앙대로1841번길 24</addr>
        <location>null</location>
        <lat>35.24975906</lat>
        <lng>129.0901501</lng>
        <useTime>10:00~24:00</useTime>
        <busiId>ME</busiId>
        <bnm>환경부</bnm>
        <busiNm>환경부</busiNm>
        <busiCall>1661-9408</busiCall>
        <stat>9</stat>
        <statUpdDt>20210803111310</statUpdDt>
        <lastTsdt>20180803134602</lastTsdt>
        <lastTedt>20180801145748</lastTedt>
        <nowTsdt />
        <powerType />
        <output>50</output>
        <method>단독</method>
        <zcode>26</zcode>
        <parkingFree>N</parkingFree>
        <note />
        <limitYn>N</limitYn>
        <limitDetail />
        <delYn>N</delYn>
        <delDetail />
    </item>
    <item>
        <statNm>남산역 공영주차장</statNm>
        <statId>ME000053</statId>
        <chgerId>01</chgerId>
        <chgerType>06</chgerType>
        <addr>부산광역시 금정구 중앙대로 2030</addr>
        <location>null</location>
        <lat>35.265513</lat>
        <lng>129.092746</lng>
        <useTime>24시간 이용가능</useTime>
        <busiId>ME</busiId>
        <bnm>환경부</bnm>
        <busiNm>환경부</busiNm>
        <busiCall>1661-9408</busiCall>
        <stat>9</stat>
        <statUpdDt>20210910102310</statUpdDt>
        <lastTsdt>20210907160841</lastTsdt>
        <lastTedt>20210907164848</lastTedt>
        <nowTsdt />
        <powerType />
        <output>50</output>
        <method>단독</method>
        <zcode>26</zcode>
        <parkingFree>Y</parkingFree>
        <note />
        <limitYn>N</limitYn>
        <limitDetail />
        <delYn>N</delYn>
        <delDetail />
    </item>
    <item>
        <statNm>부산환경공단 명지사업소</statNm>
        <statId>ME000054</statId>
        <chgerId>01</chgerId>
        <chgerType>06</chgerType>
        <addr>부산광역시 강서구 명지오션시티13로 12-11</addr>
        <location>null</location>
        <lat>35.090537</lat>
        <lng>128.898577</lng>
        <useTime>24시간 이용가능</useTime>
        <busiId>ME</busiId>
        <bnm>환경부</bnm>
        <busiNm>환경부</busiNm>
        <busiCall>1661-9408</busiCall>
        <stat>9</stat>
        <statUpdDt>20211005105310</statUpdDt>
        <lastTsdt>20211004103304</lastTsdt>
        <lastTedt>20211004111311</lastTedt>
        <nowTsdt />
        <powerType />
        <output>50</output>
        <method>단독</method>
        <zcode>26</zcode>
        <parkingFree>N</parkingFree>
        <note />
        <limitYn>N</limitYn>
        <limitDetail />
        <delYn>N</delYn>
        <delDetail />
    </item>
    <item>
        <statNm>홈플러스 아시아드점</statNm>
        <statId>ME000055</statId>
        <chgerId>01</chgerId>
        <chgerType>03</chgerType>
        <addr>부산광역시 연제구 종합운동장로 7</addr>
        <location>null</location>
        <lat>35.19104755</lat>
        <lng>129.06250571</lng>
        <useTime>09:00~24:00</useTime>
        <busiId>ME</busiId>
        <bnm>환경부</bnm>
        <busiNm>환경부</busiNm>
        <busiCall>1661-9408</busiCall>
        <stat>9</stat>
        <statUpdDt>20211021125310</statUpdDt>
        <lastTsdt>20211021113133</lastTsdt>
        <lastTedt>20211021121149</lastTedt>
        <nowTsdt />
        <powerType />
        <output>50</output>
        <method>단독</method>
        <zcode>26</zcode>
        <parkingFree>N</parkingFree>
        <note />
        <limitYn>N</limitYn>
        <limitDetail />
        <delYn>N</delYn>
        <delDetail />
    </item>
    <item>
        <statNm>이마트 연제점</statNm>
        <statId>ME000056</statId>
        <chgerId>01</chgerId>
        <chgerType>03</chgerType>
        <addr>부산광역시 연제구 연수로 89</addr>
        <location>null</location>
        <lat>35.176147</lat>
        <lng>129.081345</lng>
        <useTime>10:00~24:00</useTime>
        <busiId>ME</busiId>
        <bnm>환경부</bnm>
        <busiNm>환경부</busiNm>
        <busiCall>1661-9408</busiCall>
        <stat>9</stat>
        <statUpdDt>20211115131810</statUpdDt>
        <lastTsdt>20211113200112</lastTsdt>
        <lastTedt>20211113202437</lastTedt>
        <nowTsdt />
        <powerType />
        <output>50</output>
        <method>단독</method>
        <zcode>26</zcode>
        <parkingFree>N</parkingFree>
        <note />
        <limitYn>N</limitYn>
        <limitDetail />
        <delYn>N</delYn>
        <delDetail />
    </item>
    <item>
        <statNm>학장천 공영주차장</statNm>
        <statId>ME000058</statId>
        <chgerId>01</chgerId>
        <chgerType>06</chgerType>
        <addr>부산광역시 사상구 가야대로 309</addr>
        <location>null</location>
        <lat>35.148500</lat>
        <lng>129.000724</lng>
        <useTime>24시간 이용가능</useTime>
        <busiId>ME</busiId>
        <bnm>환경부</bnm>
        <busiNm>환경부</busiNm>
        <busiCall>1661-9408</busiCall>
        <stat>9</stat>
        <statUpdDt>20210923161310</statUpdDt>
        <lastTsdt>20210923143609</lastTsdt>
        <lastTedt>20210923150912</lastTedt>
        <nowTsdt />
        <powerType />
        <output>50</output>
        <method>단독</method>
        <zcode>26</zcode>
        <parkingFree>Y</parkingFree>
        <note />
        <limitYn>N</limitYn>
        <limitDetail />
        <delYn>N</delYn>
        <delDetail />
    </item>
    <item>
        <statNm>장안휴게소(울산방향)</statNm>
        <statId>ME000059</statId>
        <chgerId>01</chgerId>
        <chgerType>06</chgerType>
        <addr>부산광역시 기장군 장안읍 동해고속도로 26</addr>
        <location>null</location>
        <lat>35.3820817</lat>
        <lng>129.248685</lng>
        <useTime>24시간 이용가능</useTime>
        <busiId>ME</busiId>
        <bnm>환경부</bnm>
        <busiNm>환경부</busiNm>
        <busiCall>1661-9408</busiCall>
        <stat>9</stat>
        <statUpdDt>20210910095310</statUpdDt>
        <lastTsdt>20210907120032</lastTsdt>
        <lastTedt>20210907122631</lastTedt>
        <nowTsdt />
        <powerType />
        <output>50</output>
        <method>단독</method>
        <zcode>26</zcode>
        <parkingFree>N</parkingFree>
        <note />
        <limitYn>N</limitYn>
        <limitDetail />
        <delYn>N</delYn>
        <delDetail />
    </item>
    <item>
        <statNm>장안휴게소(부산방향)</statNm>
        <statId>ME000060</statId>
        <chgerId>01</chgerId>
        <chgerType>06</chgerType>
        <addr>부산광역시 기장군 장안읍 명례리 835</addr>
        <location>null</location>
        <lat>35.3783548</lat>
        <lng>129.2461223</lng>
        <useTime>24시간 이용가능</useTime>
        <busiId>ME</busiId>
        <bnm>환경부</bnm>
        <busiNm>환경부</busiNm>
        <busiCall>1661-9408</busiCall>
        <stat>9</stat>
        <statUpdDt>20210910095310</statUpdDt>
        <lastTsdt>20210907134948</lastTsdt>
        <lastTedt>20210907142414</lastTedt>
        <nowTsdt />
        <powerType />
        <output>50</output>
        <method>단독</method>
        <zcode>26</zcode>
        <parkingFree>N</parkingFree>
        <note />
        <limitYn>N</limitYn>
        <limitDetail />
        <delYn>N</delYn>
        <delDetail />
    </item>
    <item>
        <statNm>기장군청</statNm>
        <statId>ME000061</statId>
        <chgerId>01</chgerId>
        <chgerType>06</chgerType>
        <addr>부산광역시 기장군 기장읍 기장대로 560</addr>
        <location>null</location>
        <lat>35.2443</lat>
        <lng>129.2232</lng>
        <useTime />
        <busiId>ME</busiId>
        <bnm>환경부</bnm>
        <busiNm>환경부</busiNm>
        <busiCall>1661-9408</busiCall>
        <stat>2</stat>
        <statUpdDt>20220303083122</statUpdDt>
        <lastTsdt>20220303075253</lastTsdt>
        <lastTedt>20220303083122</lastTedt>
        <nowTsdt />
        <powerType />
        <output>50</output>
        <method>단독</method>
        <zcode>26</zcode>
        <parkingFree>N</parkingFree>
        <note />
        <limitYn>N</limitYn>
        <limitDetail />
        <delYn>N</delYn>
        <delDetail />
    </item>
    <item>
        <statNm>성명맨션 앞(공중전화부스)</statNm>
        <statId>ME000063</statId>
        <chgerId>01</chgerId>
        <chgerType>06</chgerType>
        <addr>대구광역시 동구 신천3동 146-15</addr>
        <location>null</location>
        <lat>35.8683691</lat>
        <lng>128.6232879</lng>
        <useTime>24시간 이용가능</useTime>
        <busiId>ME</busiId>
        <bnm>환경부</bnm>
        <busiNm>환경부</busiNm>
        <busiCall>1661-9408</busiCall>
        <stat>2</stat>
        <statUpdDt>20220303030225</statUpdDt>
        <lastTsdt>20220303023043</lastTsdt>
        <lastTedt>20220303030218</lastTedt>
        <nowTsdt />
        <powerType />
        <output>50</output>
        <method>단독</method>
        <zcode>27</zcode>
        <parkingFree>N</parkingFree>
        <note />
        <limitYn>N</limitYn>
        <limitDetail />
        <delYn>N</delYn>
        <delDetail />
    </item>
    <item>
        <statNm>망우당공원 택시쉼터</statNm>
        <statId>ME000064</statId>
        <chgerId>01</chgerId>
        <chgerType>06</chgerType>
        <addr>대구광역시 동구 효동로2길 93 </addr>
        <location>null</location>
        <lat>35.8764164</lat>
        <lng>128.6564477</lng>
        <useTime />
        <busiId>ME</busiId>
        <bnm>환경부</bnm>
        <busiNm>환경부</busiNm>
        <busiCall>1661-9408</busiCall>
        <stat>2</stat>
        <statUpdDt>20220303083430</statUpdDt>
        <lastTsdt>20220303080755</lastTsdt>
        <lastTedt>20220303083433</lastTedt>
        <nowTsdt />
        <powerType />
        <output>50</output>
        <method>단독</method>
        <zcode>27</zcode>
        <parkingFree>N</parkingFree>
        <note />
        <limitYn>N</limitYn>
        <limitDetail />
        <delYn>N</delYn>
        <delDetail />
    </item>
    <item>
        <statNm>원평치안센터(공중전화부스)</statNm>
        <statId>ME000065</statId>
        <chgerId>01</chgerId>
        <chgerType>06</chgerType>
        <addr>대구광역시 서구 평리3동 729-2</addr>
        <location>null</location>
        <lat>35.8793788</lat>
        <lng>128.561858</lng>
        <useTime>24시간 이용가능</useTime>
        <busiId>ME</busiId>
        <bnm>환경부</bnm>
        <busiNm>환경부</busiNm>
        <busiCall>1661-9408</busiCall>
        <stat>2</stat>
        <statUpdDt>20220303002536</statUpdDt>
        <lastTsdt>00000000000000</lastTsdt>
        <lastTedt>20220301102600</lastTedt>
        <nowTsdt />
        <powerType />
        <output>50</output>
        <method>단독</method>
        <zcode>27</zcode>
        <parkingFree>N</parkingFree>
        <note />
        <limitYn>N</limitYn>
        <limitDetail />
        <delYn>N</delYn>
        <delDetail />
    </item>
    <item>
        <statNm>만평네거리 북편 공영주차장</statNm>
        <statId>ME000067</statId>
        <chgerId>01</chgerId>
        <chgerType>06</chgerType>
        <addr>대구광역시 북구 팔달로 105 </addr>
        <location>null</location>
        <lat>35.8900805</lat>
        <lng>128.562145</lng>
        <useTime />
        <busiId>ME</busiId>
        <bnm>환경부</bnm>
        <busiNm>환경부</busiNm>
        <busiCall>1661-9408</busiCall>
        <stat>3</stat>
        <statUpdDt>20220303084727</statUpdDt>
        <lastTsdt>20220302181824</lastTsdt>
        <lastTedt>20220302183152</lastTedt>
        <nowTsdt>20220303084726</nowTsdt>
        <powerType />
        <output>50</output>
        <method>단독</method>
        <zcode>27</zcode>
        <parkingFree>N</parkingFree>
        <note />
        <limitYn>N</limitYn>
        <limitDetail />
        <delYn>N</delYn>
        <delDetail />
    </item>
    <item>
        <statNm>대구교통연수원</statNm>
        <statId>ME000069</statId>
        <chgerId>01</chgerId>
        <chgerType>06</chgerType>
        <addr>대구광역시 수성구 무학로 203 </addr>
        <location>null</location>
        <lat>35.8302242</lat>
        <lng>128.6304832</lng>
        <useTime />
        <busiId>ME</busiId>
        <bnm>환경부</bnm>
        <busiNm>환경부</busiNm>
        <busiCall>1661-9408</busiCall>
        <stat>2</stat>
        <statUpdDt>20220302193944</statUpdDt>
        <lastTsdt>20220302185859</lastTsdt>
        <lastTedt>20220302193938</lastTedt>
        <nowTsdt />
        <powerType />
        <output>50</output>
        <method>단독</method>
        <zcode>27</zcode>
        <parkingFree>N</parkingFree>
        <note />
        <limitYn>N</limitYn>
        <limitDetail />
        <delYn>N</delYn>
        <delDetail />
    </item>
    <item>
        <statNm>성서국민체육센터</statNm>
        <statId>ME000071</statId>
        <chgerId>01</chgerId>
        <chgerType>06</chgerType>
        <addr>대구광역시 달서구 선원로 133 </addr>
        <location>null</location>
        <lat>35.8598646</lat>
        <lng>128.5068616</lng>
        <useTime />
        <busiId>ME</busiId>
        <bnm>환경부</bnm>
        <busiNm>환경부</busiNm>
        <busiCall>1661-9408</busiCall>
        <stat>2</stat>
        <statUpdDt>20220303044921</statUpdDt>
        <lastTsdt>20220303040842</lastTsdt>
        <lastTedt>20220303044923</lastTedt>
        <nowTsdt />
        <powerType />
        <output>50</output>
        <method>단독</method>
        <zcode>27</zcode>
        <parkingFree>N</parkingFree>
        <note />
        <limitYn>N</limitYn>
        <limitDetail />
        <delYn>N</delYn>
        <delDetail />
    </item>
    <item>
        <statNm>홀마트 앞 (공중전화부스)</statNm>
        <statId>ME000072</statId>
        <chgerId>01</chgerId>
        <chgerType>06</chgerType>
        <addr>대구광역시 달성군 논공읍 논공로 749</addr>
        <location>null</location>
        <lat>35.7290522</lat>
        <lng>128.445777</lng>
        <useTime>24시간 이용가능</useTime>
        <busiId>ME</busiId>
        <bnm>환경부</bnm>
        <busiNm>환경부</busiNm>
        <busiCall>1661-9408</busiCall>
        <stat>9</stat>
        <statUpdDt>20210803111810</statUpdDt>
        <lastTsdt>20201025145946</lastTsdt>
        <lastTedt>20201025152926</lastTedt>
        <nowTsdt />
        <powerType />
        <output>50</output>
        <method>단독</method>
        <zcode>27</zcode>
        <parkingFree>N</parkingFree>
        <note />
        <limitYn>N</limitYn>
        <limitDetail />
        <delYn>N</delYn>
        <delDetail />
    </item>
    <item>
        <statNm>인천공항 정부합동청사</statNm>
        <statId>ME000073</statId>
        <chgerId>01</chgerId>
        <chgerType>03</chgerType>
        <addr>인천광역시 중구 공항로424번길 47</addr>
        <location>null</location>
        <lat>37.440993</lat>
        <lng>126.461521</lng>
        <useTime>24시간 이용가능</useTime>
        <busiId>ME</busiId>
        <bnm>환경부</bnm>
        <busiNm>환경부</busiNm>
        <busiCall>1661-9408</busiCall>
        <stat>9</stat>
        <statUpdDt>20211004080810</statUpdDt>
        <lastTsdt>00000000000000</lastTsdt>
        <lastTedt>20210924125955</lastTedt>
        <nowTsdt />
        <powerType />
        <output>50</output>
        <method>단독</method>
        <zcode>28</zcode>
        <parkingFree>Y</parkingFree>
        <note />
        <limitYn>N</limitYn>
        <limitDetail />
        <delYn>N</delYn>
        <delDetail />
    </item>
    <item>
        <statNm>롯데마트 영종도점</statNm>
        <statId>ME000074</statId>
        <chgerId>01</chgerId>
        <chgerType>03</chgerType>
        <addr>인천광역시 중구 흰바위로 51</addr>
        <location>null</location>
        <lat>37.492675</lat>
        <lng>126.491194</lng>
        <useTime>10:00~22:00</useTime>
        <busiId>ME</busiId>
        <bnm>환경부</bnm>
        <busiNm>환경부</busiNm>
        <busiCall>1661-9408</busiCall>
        <stat>9</stat>
        <statUpdDt>20210924115810</statUpdDt>
        <lastTsdt>20210924112420</lastTsdt>
        <lastTedt>20210924112527</lastTedt>
        <nowTsdt />
        <powerType />
        <output>50</output>
        <method>단독</method>
        <zcode>28</zcode>
        <parkingFree>N</parkingFree>
        <note />
        <limitYn>N</limitYn>
        <limitDetail />
        <delYn>N</delYn>
        <delDetail />
    </item>
    <item>
        <statNm>차이나타운 주차장</statNm>
        <statId>ME000075</statId>
        <chgerId>01</chgerId>
        <chgerType>06</chgerType>
        <addr>인천광역시 중구 신포로27번길 80</addr>
        <location>null</location>
        <lat>37.4761432</lat>
        <lng>126.6183817</lng>
        <useTime />
        <busiId>ME</busiId>
        <bnm>환경부</bnm>
        <busiNm>환경부</busiNm>
        <busiCall>1661-9408</busiCall>
        <stat>9</stat>
        <statUpdDt>20220303003810</statUpdDt>
        <lastTsdt>20220226123609</lastTsdt>
        <lastTedt>20220226131648</lastTedt>
        <nowTsdt>20220226173917</nowTsdt>
        <powerType />
        <output>50</output>
        <method>단독</method>
        <zcode>28</zcode>
        <parkingFree>N</parkingFree>
        <note />
        <limitYn>N</limitYn>
        <limitDetail />
        <delYn>N</delYn>
        <delDetail />
    </item>
    <item>
        <statNm>송림체육관</statNm>
        <statId>ME000076</statId>
        <chgerId>01</chgerId>
        <chgerType>06</chgerType>
        <addr>인천광역시 동구 염전로 30</addr>
        <location>null</location>
        <lat>37.4855897</lat>
        <lng>126.6473026</lng>
        <useTime>24시간 이용가능</useTime>
        <busiId>ME</busiId>
        <bnm>환경부</bnm>
        <busiNm>환경부</busiNm>
        <busiCall>1661-9408</busiCall>
        <stat>2</stat>
        <statUpdDt>20220303083355</statUpdDt>
        <lastTsdt>20220303075302</lastTsdt>
        <lastTedt>20220303083342</lastTedt>
        <nowTsdt />
        <powerType />
        <output>50</output>
        <method>단독</method>
        <zcode>28</zcode>
        <parkingFree>N</parkingFree>
        <note />
        <limitYn>N</limitYn>
        <limitDetail />
        <delYn>N</delYn>
        <delDetail />
    </item>
    <item>
        <statNm>홈플러스 인하점</statNm>
        <statId>ME000077</statId>
        <chgerId>01</chgerId>
        <chgerType>03</chgerType>
        <addr>인천광역시 미추홀구 소성로 6</addr>
        <location>null</location>
        <lat>37.44690295</lat>
        <lng>126.65056482</lng>
        <useTime>09:00~24:00</useTime>
        <busiId>ME</busiId>
        <bnm>환경부</bnm>
        <busiNm>환경부</busiNm>
        <busiCall>1661-9408</busiCall>
        <stat>9</stat>
        <statUpdDt>20210902133810</statUpdDt>
        <lastTsdt>20210902130020</lastTsdt>
        <lastTedt>20210902130301</lastTedt>
        <nowTsdt />
        <powerType />
        <output>50</output>
        <method>단독</method>
        <zcode>28</zcode>
        <parkingFree>N</parkingFree>
        <note />
        <limitYn>N</limitYn>
        <limitDetail />
        <delYn>N</delYn>
        <delDetail />
    </item>
    <item>
        <statNm>이마트 연수점</statNm>
        <statId>ME000079</statId>
        <chgerId>01</chgerId>
        <chgerType>03</chgerType>
        <addr>인천광역시 연수구 경원대로 184</addr>
        <location>null</location>
        <lat>37.4047181</lat>
        <lng>126.68192511</lng>
        <useTime>10:00~24:00</useTime>
        <busiId>ME</busiId>
        <bnm>환경부</bnm>
        <busiNm>환경부</busiNm>
        <busiCall>1661-9408</busiCall>
        <stat>9</stat>
        <statUpdDt>20210909110810</statUpdDt>
        <lastTsdt>20210905153350</lastTsdt>
        <lastTedt>20210905161425</lastTedt>
        <nowTsdt />
        <powerType />
        <output>50</output>
        <method>단독</method>
        <zcode>28</zcode>
        <parkingFree>N</parkingFree>
        <note />
        <limitYn>N</limitYn>
        <limitDetail />
        <delYn>N</delYn>
        <delDetail />
    </item>
    <item>
        <statNm>홈플러스 구월점</statNm>
        <statId>ME000081</statId>
        <chgerId>01</chgerId>
        <chgerType>03</chgerType>
        <addr>인천광역시 남동구 예술로 198</addr>
        <location>null</location>
        <lat>37.45195982</lat>
        <lng>126.70177106</lng>
        <useTime>09:00~24:00</useTime>
        <busiId>ME</busiId>
        <bnm>환경부</bnm>
        <busiNm>환경부</busiNm>
        <busiCall>1661-9408</busiCall>
        <stat>9</stat>
        <statUpdDt>20211022141310</statUpdDt>
        <lastTsdt>20211014122024</lastTsdt>
        <lastTedt>20211014130039</lastTedt>
        <nowTsdt />
        <powerType />
        <output>50</output>
        <method>단독</method>
        <zcode>28</zcode>
        <parkingFree>N</parkingFree>
        <note />
        <limitYn>N</limitYn>
        <limitDetail />
        <delYn>N</delYn>
        <delDetail />
    </item>
    <item>
        <statNm>계양구 공영주차장</statNm>
        <statId>ME000082</statId>
        <chgerId>01</chgerId>
        <chgerType>06</chgerType>
        <addr>인천광역시 계양구 봉오대로 679-1</addr>
        <location>null</location>
        <lat>37.530611</lat>
        <lng>126.724568</lng>
        <useTime>24시간 이용가능</useTime>
        <busiId>ME</busiId>
        <bnm>환경부</bnm>
        <busiNm>환경부</busiNm>
        <busiCall>1661-9408</busiCall>
        <stat>9</stat>
        <statUpdDt>20210910095310</statUpdDt>
        <lastTsdt>20210906141422</lastTsdt>
        <lastTedt>20210906142625</lastTedt>
        <nowTsdt />
        <powerType />
        <output>50</output>
        <method>단독</method>
        <zcode>28</zcode>
        <parkingFree>Y</parkingFree>
        <note />
        <limitYn>N</limitYn>
        <limitDetail />
        <delYn>N</delYn>
        <delDetail />
    </item>
    <item>
        <statNm>인천서구청 제1주차장</statNm>
        <statId>ME000084</statId>
        <chgerId>01</chgerId>
        <chgerType>03</chgerType>
        <addr>인천광역시 서구 탁옥로51번길 26</addr>
        <location>null</location>
        <lat>37.546063</lat>
        <lng>126.675578</lng>
        <useTime>24시간 이용가능</useTime>
        <busiId>ME</busiId>
        <bnm>환경부</bnm>
        <busiNm>환경부</busiNm>
        <busiCall>1661-9408</busiCall>
        <stat>9</stat>
        <statUpdDt>20210910095310</statUpdDt>
        <lastTsdt>20210909142450</lastTsdt>
        <lastTedt>20210909142616</lastTedt>
        <nowTsdt />
        <powerType />
        <output>50</output>
        <method>단독</method>
        <zcode>28</zcode>
        <parkingFree>Y</parkingFree>
        <note />
        <limitYn>N</limitYn>
        <limitDetail />
        <delYn>N</delYn>
        <delDetail />
    </item>
    <item>
        <statNm>홈플러스 가좌점</statNm>
        <statId>ME000085</statId>
        <chgerId>01</chgerId>
        <chgerType>03</chgerType>
        <addr>인천광역시 서구 가정로151번길 11</addr>
        <location>null</location>
        <lat>37.497573</lat>
        <lng>126.670692</lng>
        <useTime>10:00~24:00</useTime>
        <busiId>ME</busiId>
        <bnm>환경부</bnm>
        <busiNm>환경부</busiNm>
        <busiCall>1661-9408</busiCall>
        <stat>9</stat>
        <statUpdDt>20211019122310</statUpdDt>
        <lastTsdt>20211018123804</lastTsdt>
        <lastTedt>20211018125252</lastTedt>
        <nowTsdt />
        <powerType />
        <output>50</output>
        <method>단독</method>
        <zcode>28</zcode>
        <parkingFree>N</parkingFree>
        <note />
        <limitYn>N</limitYn>
        <limitDetail />
        <delYn>N</delYn>
        <delDetail />
    </item>
    <item>
        <statNm>소태역 환승주차장</statNm>
        <statId>ME000086</statId>
        <chgerId>01</chgerId>
        <chgerType>06</chgerType>
        <addr>광주광역시 동구 남문로 575</addr>
        <location>null</location>
        <lat>35.122112</lat>
        <lng>126.932263</lng>
        <useTime>24시간 이용가능</useTime>
        <busiId>ME</busiId>
        <bnm>환경부</bnm>
        <busiNm>환경부</busiNm>
        <busiCall>1661-9408</busiCall>
        <stat>9</stat>
        <statUpdDt>20210910153810</statUpdDt>
        <lastTsdt>20210910072247</lastTsdt>
        <lastTedt>20210910074158</lastTedt>
        <nowTsdt />
        <powerType />
        <output>50</output>
        <method>단독</method>
        <zcode>29</zcode>
        <parkingFree>N</parkingFree>
        <note />
        <limitYn>N</limitYn>
        <limitDetail />
        <delYn>N</delYn>
        <delDetail />
    </item>
    <item>
        <statNm>광주시청</statNm>
        <statId>ME000088</statId>
        <chgerId>01</chgerId>
        <chgerType>06</chgerType>
        <addr>광주광역시 서구 내방로 111</addr>
        <location>null</location>
        <lat>35.160317</lat>
        <lng>126.849815</lng>
        <useTime>24시간 이용가능</useTime>
        <busiId>ME</busiId>
        <bnm>환경부</bnm>
        <busiNm>환경부</busiNm>
        <busiCall>1661-9408</busiCall>
        <stat>9</stat>
        <statUpdDt>20210830174310</statUpdDt>
        <lastTsdt>20140925205054</lastTsdt>
        <lastTedt>20140925205054</lastTedt>
        <nowTsdt />
        <powerType />
        <output>50</output>
        <method>단독</method>
        <zcode>29</zcode>
        <parkingFree>N</parkingFree>
        <note />
        <limitYn>N</limitYn>
        <limitDetail />
        <delYn>N</delYn>
        <delDetail />
    </item>
    <item>
        <statNm>광주시청</statNm>
        <statId>ME000088</statId>
        <chgerId>02</chgerId>
        <chgerType>06</chgerType>
        <addr>광주광역시 서구 내방로 111</addr>
        <location>null</location>
        <lat>35.160317</lat>
        <lng>126.849815</lng>
        <useTime>24시간 이용가능</useTime>
        <busiId>ME</busiId>
        <bnm>환경부</bnm>
        <busiNm>환경부</busiNm>
        <busiCall>1661-9408</busiCall>
        <stat>9</stat>
        <statUpdDt>20210830174310</statUpdDt>
        <lastTsdt>20140919143545</lastTsdt>
        <lastTedt>20140919143545</lastTedt>
        <nowTsdt />
        <powerType />
        <output>50</output>
        <method>단독</method>
        <zcode>29</zcode>
        <parkingFree>N</parkingFree>
        <note />
        <limitYn>N</limitYn>
        <limitDetail />
        <delYn>N</delYn>
        <delDetail />
    </item>
    <item>
        <statNm>송암동주민센터</statNm>
        <statId>ME000089</statId>
        <chgerId>01</chgerId>
        <chgerType>06</chgerType>
        <addr>광주광역시 남구 송암로 66</addr>
        <location>null</location>
        <lat>35.111648</lat>
        <lng>126.877215</lng>
        <useTime>24시간 이용가능</useTime>
        <busiId>ME</busiId>
        <bnm>환경부</bnm>
        <busiNm>환경부</busiNm>
        <busiCall>1661-9408</busiCall>
        <stat>9</stat>
        <statUpdDt>20210910102810</statUpdDt>
        <lastTsdt>20210907104245</lastTsdt>
        <lastTedt>20210907105013</lastTedt>
        <nowTsdt />
        <powerType />
        <output>50</output>
        <method>단독</method>
        <zcode>29</zcode>
        <parkingFree>N</parkingFree>
        <note />
        <limitYn>N</limitYn>
        <limitDetail />
        <delYn>N</delYn>
        <delDetail />
    </item>
    <item>
        <statNm>광주문화예술회관</statNm>
        <statId>ME000090</statId>
        <chgerId>01</chgerId>
        <chgerType>03</chgerType>
        <addr>광주광역시 북구 북문대로 60</addr>
        <location>null</location>
        <lat>35.177718</lat>
        <lng>126.881703</lng>
        <useTime>24시간 이용가능</useTime>
        <busiId>ME</busiId>
        <bnm>환경부</bnm>
        <busiNm>환경부</busiNm>
        <busiCall>1661-9408</busiCall>
        <stat>9</stat>
        <statUpdDt>20210928115810</statUpdDt>
        <lastTsdt>20210914123804</lastTsdt>
        <lastTedt>20210914125135</lastTedt>
        <nowTsdt />
        <powerType />
        <output>50</output>
        <method>단독</method>
        <zcode>29</zcode>
        <parkingFree>N</parkingFree>
        <note />
        <limitYn>N</limitYn>
        <limitDetail />
        <delYn>N</delYn>
        <delDetail />
    </item>
    <item>
        <statNm>중소기업진흥공단 호남연수원</statNm>
        <statId>ME000091</statId>
        <chgerId>01</chgerId>
        <chgerType>06</chgerType>
        <addr>광주광역시 북구 동문대로456번길 40</addr>
        <location>null</location>
        <lat>35.203949</lat>
        <lng>126.937339</lng>
        <useTime>24시간 이용가능</useTime>
        <busiId>ME</busiId>
        <bnm>환경부</bnm>
        <busiNm>환경부</busiNm>
        <busiCall>1661-9408</busiCall>
        <stat>9</stat>
        <statUpdDt>20210910150810</statUpdDt>
        <lastTsdt>20210909122729</lastTsdt>
        <lastTedt>20210909124133</lastTedt>
        <nowTsdt />
        <powerType />
        <output>50</output>
        <method>단독</method>
        <zcode>29</zcode>
        <parkingFree>N</parkingFree>
        <note />
        <limitYn>N</limitYn>
        <limitDetail />
        <delYn>N</delYn>
        <delDetail />
    </item>
    <item>
        <statNm>홈플러스 동대전점</statNm>
        <statId>ME000094</statId>
        <chgerId>01</chgerId>
        <chgerType>03</chgerType>
        <addr>대전광역시 동구 한밭대로 1282</addr>
        <location>null</location>
        <lat>36.353803</lat>
        <lng>127.437375</lng>
        <useTime>10:00~24:00</useTime>
        <busiId>ME</busiId>
        <bnm>환경부</bnm>
        <busiNm>환경부</busiNm>
        <busiCall>1661-9408</busiCall>
        <stat>9</stat>
        <statUpdDt>20211019103810</statUpdDt>
        <lastTsdt>20211017164503</lastTsdt>
        <lastTedt>20211017172547</lastTedt>
        <nowTsdt />
        <powerType />
        <output>50</output>
        <method>단독</method>
        <zcode>30</zcode>
        <parkingFree>N</parkingFree>
        <note />
        <limitYn>N</limitYn>
        <limitDetail />
        <delYn>N</delYn>
        <delDetail />
    </item>
    <item>
        <statNm>대전월드컵경기장</statNm>
        <statId>ME000096</statId>
        <chgerId>01</chgerId>
        <chgerType>06</chgerType>
        <addr>대전광역시 유성구 월드컵대로 32</addr>
        <location>null</location>
        <lat>36.363604</lat>
        <lng>127.32591</lng>
        <useTime />
        <busiId>ME</busiId>
        <bnm>환경부</bnm>
        <busiNm>환경부</busiNm>
        <busiCall>1661-9408</busiCall>
        <stat>2</stat>
        <statUpdDt>20220303072710</statUpdDt>
        <lastTsdt>20220303071606</lastTsdt>
        <lastTedt>20220303072707</lastTedt>
        <nowTsdt />
        <powerType />
        <output>50</output>
        <method>단독</method>
        <zcode>30</zcode>
        <parkingFree>N</parkingFree>
        <note />
        <limitYn>N</limitYn>
        <limitDetail />
        <delYn>N</delYn>
        <delDetail />
    </item>
    <item>
        <statNm>울산 중구 동천체육관</statNm>
        <statId>ME000098</statId>
        <chgerId>01</chgerId>
        <chgerType>06</chgerType>
        <addr>울산광역시 중구 염포로 85</addr>
        <location>null</location>
        <lat>35.561792</lat>
        <lng>129.352073</lng>
        <useTime />
        <busiId>ME</busiId>
        <bnm>환경부</bnm>
        <busiNm>환경부</busiNm>
        <busiCall>1661-9408</busiCall>
        <stat>9</stat>
        <statUpdDt>20210910095810</statUpdDt>
        <lastTsdt>20210901125817</lastTsdt>
        <lastTedt>20210901133825</lastTedt>
        <nowTsdt />
        <powerType />
        <output>50</output>
        <method>단독</method>
        <zcode>31</zcode>
        <parkingFree>N</parkingFree>
        <note />
        <limitYn>N</limitYn>
        <limitDetail />
        <delYn>N</delYn>
        <delDetail />
    </item>
    <item>
        <statNm>울산 동구 전하체육센터</statNm>
        <statId>ME000100</statId>
        <chgerId>01</chgerId>
        <chgerType>06</chgerType>
        <addr>울산광역시 동구 봉수로 285</addr>
        <location>null</location>
        <lat>35.512571</lat>
        <lng>129.422104</lng>
        <useTime />
        <busiId>ME</busiId>
        <bnm>환경부</bnm>
        <busiNm>환경부</busiNm>
        <busiCall>1661-9408</busiCall>
        <stat>9</stat>
        <statUpdDt>20210910095810</statUpdDt>
        <lastTsdt>20210809192145</lastTsdt>
        <lastTedt>20210809193710</lastTedt>
        <nowTsdt />
        <powerType />
        <output>50</output>
        <method>단독</method>
        <zcode>31</zcode>
        <parkingFree>N</parkingFree>
        <note />
        <limitYn>N</limitYn>
        <limitDetail />
        <delYn>N</delYn>
        <delDetail />
    </item>
    <item>
        <statNm>울산시 북구청</statNm>
        <statId>ME000101</statId>
        <chgerId>01</chgerId>
        <chgerType>06</chgerType>
        <addr>울산광역시 북구 연암동 산업로 1010 북구청</addr>
        <location>null</location>
        <lat>35.582734</lat>
        <lng>129.360909</lng>
        <useTime />
        <busiId>ME</busiId>
        <bnm>환경부</bnm>
        <busiNm>환경부</busiNm>
        <busiCall>1661-9408</busiCall>
        <stat>9</stat>
        <statUpdDt>20211020131310</statUpdDt>
        <lastTsdt>20211019092532</lastTsdt>
        <lastTedt>20211019100540</lastTedt>
        <nowTsdt />
        <powerType />
        <output>50</output>
        <method>단독</method>
        <zcode>31</zcode>
        <parkingFree>N</parkingFree>
        <note />
        <limitYn>N</limitYn>
        <limitDetail />
        <delYn>N</delYn>
        <delDetail />
    </item>
    <item>
        <statNm>농소2동 주민센터</statNm>
        <statId>ME000102</statId>
        <chgerId>01</chgerId>
        <chgerType>06</chgerType>
        <addr>울산광역시 북구 찬샘1길 24</addr>
        <location>null</location>
        <lat>35.638203</lat>
        <lng>129.3480953</lng>
        <useTime>24시간 이용가능</useTime>
        <busiId>ME</busiId>
        <bnm>환경부</bnm>
        <busiNm>환경부</busiNm>
        <busiCall>1661-9408</busiCall>
        <stat>9</stat>
        <statUpdDt>20220128125310</statUpdDt>
        <lastTsdt>20220128114444</lastTsdt>
        <lastTedt>20220128121904</lastTedt>
        <nowTsdt />
        <powerType />
        <output>50</output>
        <method>단독</method>
        <zcode>31</zcode>
        <parkingFree>N</parkingFree>
        <note />
        <limitYn>N</limitYn>
        <limitDetail />
        <delYn>N</delYn>
        <delDetail />
    </item>
    <item>
        <statNm>울산 울주군 서생면사무소</statNm>
        <statId>ME000105</statId>
        <chgerId>01</chgerId>
        <chgerType>06</chgerType>
        <addr>울산광역시 울주군 서생면 해맞이로 894</addr>
        <location>null</location>
        <lat>35.349902</lat>
        <lng>129.326040</lng>
        <useTime />
        <busiId>ME</busiId>
        <bnm>환경부</bnm>
        <busiNm>환경부</busiNm>
        <busiCall>1661-9408</busiCall>
        <stat>9</stat>
        <statUpdDt>20211124162310</statUpdDt>
        <lastTsdt>20210804175016</lastTsdt>
        <lastTedt>20210804180656</lastTedt>
        <nowTsdt />
        <powerType />
        <output>50</output>
        <method>단독</method>
        <zcode>31</zcode>
        <parkingFree>N</parkingFree>
        <note />
        <limitYn>N</limitYn>
        <limitDetail />
        <delYn>N</delYn>
        <delDetail />
    </item>
    <item>
        <statNm>홈플러스 동수원점</statNm>
        <statId>ME000106</statId>
        <chgerId>01</chgerId>
        <chgerType>03</chgerType>
        <addr>경기도 수원시 팔달구 효원로 257</addr>
        <location>null</location>
        <lat>37.26286532</lat>
        <lng>127.02963007</lng>
        <useTime>10:00~24:00</useTime>
        <busiId>ME</busiId>
        <bnm>환경부</bnm>
        <busiNm>환경부</busiNm>
        <busiCall>1661-9408</busiCall>
        <stat>9</stat>
        <statUpdDt>20211007154310</statUpdDt>
        <lastTsdt>20210719110657</lastTsdt>
        <lastTedt>20210719110740</lastTedt>
        <nowTsdt />
        <powerType />
        <output>50</output>
        <method>단독</method>
        <zcode>41</zcode>
        <parkingFree>N</parkingFree>
        <note />
        <limitYn>N</limitYn>
        <limitDetail />
        <delYn>N</delYn>
        <delDetail />
    </item>
    <item>
        <statNm>이마트 서수원점</statNm>
        <statId>ME000107</statId>
        <chgerId>01</chgerId>
        <chgerType>03</chgerType>
        <addr>경기도 수원시 권선구 수인로 291</addr>
        <location>null</location>
        <lat>37.282506</lat>
        <lng>126.970137</lng>
        <useTime>10:00~24:00</useTime>
        <busiId>ME</busiId>
        <bnm>환경부</bnm>
        <busiNm>환경부</busiNm>
        <busiCall>1661-9408</busiCall>
        <stat>9</stat>
        <statUpdDt>20211124162310</statUpdDt>
        <lastTsdt>20210620142534</lastTsdt>
        <lastTedt>20210620143448</lastTedt>
        <nowTsdt />
        <powerType />
        <output>50</output>
        <method>단독</method>
        <zcode>41</zcode>
        <parkingFree>N</parkingFree>
        <note />
        <limitYn>N</limitYn>
        <limitDetail />
        <delYn>N</delYn>
        <delDetail />
    </item>
    <item>
        <statNm>장안구청</statNm>
        <statId>ME000108</statId>
        <chgerId>01</chgerId>
        <chgerType>06</chgerType>
        <addr>경기도 수원시 장안구 송원로 101</addr>
        <location>null</location>
        <lat>37.304438</lat>
        <lng>127.010121</lng>
        <useTime>24시간 이용가능</useTime>
        <busiId>ME</busiId>
        <bnm>환경부</bnm>
        <busiNm>환경부</busiNm>
        <busiCall>1661-9408</busiCall>
        <stat>9</stat>
        <statUpdDt>20220223002310</statUpdDt>
        <lastTsdt>20220222095918</lastTsdt>
        <lastTedt>20220222103956</lastTedt>
        <nowTsdt />
        <powerType />
        <output>50</output>
        <method>단독</method>
        <zcode>41</zcode>
        <parkingFree>N</parkingFree>
        <note />
        <limitYn>N</limitYn>
        <limitDetail />
        <delYn>N</delYn>
        <delDetail />
    </item>
    <item>
        <statNm>수원화성박물관</statNm>
        <statId>ME000109</statId>
        <chgerId>01</chgerId>
        <chgerType>06</chgerType>
        <addr>경기도 수원시 팔달구 창룡대로 21</addr>
        <location>null</location>
        <lat>37.2831563</lat>
        <lng>127.0193734</lng>
        <useTime />
        <busiId>ME</busiId>
        <bnm>환경부</bnm>
        <busiNm>환경부</busiNm>
        <busiCall>1661-9408</busiCall>
        <stat>9</stat>
        <statUpdDt>20210803111810</statUpdDt>
        <lastTsdt>20210504122150</lastTsdt>
        <lastTedt>20210504125256</lastTedt>
        <nowTsdt />
        <powerType />
        <output>50</output>
        <method>단독</method>
        <zcode>41</zcode>
        <parkingFree>N</parkingFree>
        <note />
        <limitYn>N</limitYn>
        <limitDetail />
        <delYn>N</delYn>
        <delDetail />
    </item>
    <item>
        <statNm>롯데마트 영통점</statNm>
        <statId>ME000110</statId>
        <chgerId>01</chgerId>
        <chgerType>06</chgerType>
        <addr>경기도 수원시 영통구 봉영로 1579</addr>
        <location>null</location>
        <lat>37.252726</lat>
        <lng>127.071649</lng>
        <useTime>24시간 이용가능</useTime>
        <busiId>ME</busiId>
        <bnm>환경부</bnm>
        <busiNm>환경부</busiNm>
        <busiCall>1661-9408</busiCall>
        <stat>2</stat>
        <statUpdDt>20220303012406</statUpdDt>
        <lastTsdt>20220225183415</lastTsdt>
        <lastTedt>20220225191340</lastTedt>
        <nowTsdt />
        <powerType />
        <output>50</output>
        <method>단독</method>
        <zcode>41</zcode>
        <parkingFree>N</parkingFree>
        <note />
        <limitYn>N</limitYn>
        <limitDetail />
        <delYn>N</delYn>
        <delDetail />
    </item>
    <item>
        <statNm>이마트 성남점</statNm>
        <statId>ME000111</statId>
        <chgerId>01</chgerId>
        <chgerType>03</chgerType>
        <addr>경기도 성남시 수정구 수정로 201</addr>
        <location>null</location>
        <lat>37.44396711</lat>
        <lng>127.14108755</lng>
        <useTime>10:00~22:00</useTime>
        <busiId>ME</busiId>
        <bnm>환경부</bnm>
        <busiNm>환경부</busiNm>
        <busiCall>1661-9408</busiCall>
        <stat>9</stat>
        <statUpdDt>20211019144810</statUpdDt>
        <lastTsdt>20210824130038</lastTsdt>
        <lastTedt>20210824132425</lastTedt>
        <nowTsdt />
        <powerType />
        <output>50</output>
        <method>단독</method>
        <zcode>41</zcode>
        <parkingFree>N</parkingFree>
        <note />
        <limitYn>N</limitYn>
        <limitDetail />
        <delYn>N</delYn>
        <delDetail />
    </item>
    <item>
        <statNm>성남시청</statNm>
        <statId>ME000112</statId>
        <chgerId>01</chgerId>
        <chgerType>06</chgerType>
        <addr>경기도 성남시 중원구 성남대로 997</addr>
        <location>null</location>
        <lat>37.420017</lat>
        <lng>127.126649</lng>
        <useTime>24시간 이용가능</useTime>
        <busiId>ME</busiId>
        <bnm>환경부</bnm>
        <busiNm>환경부</busiNm>
        <busiCall>1661-9408</busiCall>
        <stat>9</stat>
        <statUpdDt>20210910095810</statUpdDt>
        <lastTsdt>20210901145835</lastTsdt>
        <lastTedt>20210901153842</lastTedt>
        <nowTsdt />
        <powerType />
        <output>50</output>
        <method>단독</method>
        <zcode>41</zcode>
        <parkingFree>N</parkingFree>
        <note />
        <limitYn>N</limitYn>
        <limitDetail />
        <delYn>N</delYn>
        <delDetail />
    </item>
    <item>
        <statNm>동양컴퓨터학원 앞(공중전화부스)</statNm>
        <statId>ME000113</statId>
        <chgerId>01</chgerId>
        <chgerType>06</chgerType>
        <addr>경기도 성남시 중원구 중앙동 1175</addr>
        <location>null</location>
        <lat>37.4398788</lat>
        <lng>127.1455762</lng>
        <useTime>24시간 이용가능</useTime>
        <busiId>ME</busiId>
        <bnm>환경부</bnm>
        <busiNm>환경부</busiNm>
        <busiCall>1661-9408</busiCall>
        <stat>2</stat>
        <statUpdDt>20220303043018</statUpdDt>
        <lastTsdt>20220303040257</lastTsdt>
        <lastTedt>20220303043012</lastTedt>
        <nowTsdt />
        <powerType />
        <output>50</output>
        <method>단독</method>
        <zcode>41</zcode>
        <parkingFree>N</parkingFree>
        <note />
        <limitYn>N</limitYn>
        <limitDetail />
        <delYn>N</delYn>
        <delDetail />
    </item>
    <item>
        <statNm>율동자연공원 B주차장</statNm>
        <statId>ME000114</statId>
        <chgerId>01</chgerId>
        <chgerType>06</chgerType>
        <addr>경기도 성남시 분당구 서현로 459</addr>
        <location>null</location>
        <lat>37.372759</lat>
        <lng>127.147019</lng>
        <useTime>24시간 이용가능</useTime>
        <busiId>ME</busiId>
        <bnm>환경부</bnm>
        <busiNm>환경부</busiNm>
        <busiCall>1661-9408</busiCall>
        <stat>9</stat>
        <statUpdDt>20210910095810</statUpdDt>
        <lastTsdt>20210906110648</lastTsdt>
        <lastTedt>20210906113812</lastTedt>
        <nowTsdt />
        <powerType />
        <output>50</output>
        <method>단독</method>
        <zcode>41</zcode>
        <parkingFree>N</parkingFree>
        <note />
        <limitYn>N</limitYn>
        <limitDetail />
        <delYn>N</delYn>
        <delDetail />
    </item>
    <item>
        <statNm>성남 맛고을 주차장</statNm>
        <statId>ME000115</statId>
        <chgerId>01</chgerId>
        <chgerType>06</chgerType>
        <addr>경기도 성남시 분당구 야탑로 111번길 12-14</addr>
        <location>null</location>
        <lat>37.4119752</lat>
        <lng>127.1320774</lng>
        <useTime />
        <busiId>ME</busiId>
        <bnm>환경부</bnm>
        <busiNm>환경부</busiNm>
        <busiCall>1661-9408</busiCall>
        <stat>9</stat>
        <statUpdDt>20220303004810</statUpdDt>
        <lastTsdt>20220302111201</lastTsdt>
        <lastTedt>20220302115238</lastTedt>
        <nowTsdt />
        <powerType />
        <output>50</output>
        <method>단독</method>
        <zcode>41</zcode>
        <parkingFree>N</parkingFree>
        <note />
        <limitYn>N</limitYn>
        <limitDetail />
        <delYn>N</delYn>
        <delDetail />
    </item>
    <item>
        <statNm>하나로마트 성남점</statNm>
        <statId>ME000116</statId>
        <chgerId>01</chgerId>
        <chgerType>06</chgerType>
        <addr>경기도 성남시 분당구 성남대로 43번길 11 </addr>
        <location>null</location>
        <lat>37.3378677</lat>
        <lng>127.1086182</lng>
        <useTime>24시간 이용가능</useTime>
        <busiId>ME</busiId>
        <bnm>환경부</bnm>
        <busiNm>환경부</busiNm>
        <busiCall>1661-9408</busiCall>
        <stat>2</stat>
        <statUpdDt>20220303075935</statUpdDt>
        <lastTsdt>20220303074810</lastTsdt>
        <lastTedt>20220303075930</lastTedt>
        <nowTsdt />
        <powerType />
        <output>50</output>
        <method>단독</method>
        <zcode>41</zcode>
        <parkingFree>N</parkingFree>
        <note />
        <limitYn>N</limitYn>
        <limitDetail />
        <delYn>N</delYn>
        <delDetail />
    </item>
    <item>
        <statNm>홈플러스 의정부점</statNm>
        <statId>ME000117</statId>
        <chgerId>01</chgerId>
        <chgerType>03</chgerType>
        <addr>경기도 의정부시 청사로 38</addr>
        <location>null</location>
        <lat>37.75264066</lat>
        <lng>127.07132022</lng>
        <useTime>10:00~23:40</useTime>
        <busiId>ME</busiId>
        <bnm>환경부</bnm>
        <busiNm>환경부</busiNm>
        <busiCall>1661-9408</busiCall>
        <stat>2</stat>
        <statUpdDt>20220223182240</statUpdDt>
        <lastTsdt>20220223182222</lastTsdt>
        <lastTedt>20220223182239</lastTedt>
        <nowTsdt />
        <powerType />
        <output>50</output>
        <method>단독</method>
        <zcode>41</zcode>
        <parkingFree>N</parkingFree>
        <note />
        <limitYn>N</limitYn>
        <limitDetail />
        <delYn>N</delYn>
        <delDetail />
    </item>
    <item>
        <statNm>홈플러스 안양점</statNm>
        <statId>ME000118</statId>
        <chgerId>01</chgerId>
        <chgerType>03</chgerType>
        <addr>경기도 안양시 동안구 엘에스로 92</addr>
        <location>null</location>
        <lat>37.370042</lat>
        <lng>126.953179</lng>
        <useTime>09:00~24:00</useTime>
        <busiId>ME</busiId>
        <bnm>환경부</bnm>
        <busiNm>환경부</busiNm>
        <busiCall>1661-9408</busiCall>
        <stat>2</stat>
        <statUpdDt>20220302161549</statUpdDt>
        <lastTsdt>20220302160734</lastTsdt>
        <lastTedt>20220302161541</lastTedt>
        <nowTsdt />
        <powerType />
        <output>50</output>
        <method>단독</method>
        <zcode>41</zcode>
        <parkingFree>N</parkingFree>
        <note />
        <limitYn>N</limitYn>
        <limitDetail />
        <delYn>N</delYn>
        <delDetail />
    </item>
    <item>
        <statNm>안양시청</statNm>
        <statId>ME000119</statId>
        <chgerId>01</chgerId>
        <chgerType>06</chgerType>
        <addr>경기도 안양시 동안구 관앙동 1590</addr>
        <location>null</location>
        <lat>37.394966</lat>
        <lng>126.957851</lng>
        <useTime>24시간 이용가능</useTime>
        <busiId>ME</busiId>
        <bnm>환경부</bnm>
        <busiNm>환경부</busiNm>
        <busiCall>1661-9408</busiCall>
        <stat>9</stat>
        <statUpdDt>20220217154310</statUpdDt>
        <lastTsdt>20220126093614</lastTsdt>
        <lastTedt>20220126095937</lastTedt>
        <nowTsdt />
        <powerType />
        <output>50</output>
        <method>단독</method>
        <zcode>41</zcode>
        <parkingFree>N</parkingFree>
        <note />
        <limitYn>N</limitYn>
        <limitDetail />
        <delYn>N</delYn>
        <delDetail />
    </item>
    <item>
        <statNm>이마트 중동점</statNm>
        <statId>ME000120</statId>
        <chgerId>01</chgerId>
        <chgerType>03</chgerType>
        <addr>경기도 부천시 원미구 석천로 188</addr>
        <location>null</location>
        <lat>37.50395069</lat>
        <lng>126.76409287</lng>
        <useTime>10:00~24:00</useTime>
        <busiId>ME</busiId>
        <bnm>환경부</bnm>
        <busiNm>환경부</busiNm>
        <busiCall>1661-9408</busiCall>
        <stat>9</stat>
        <statUpdDt>20211124162310</statUpdDt>
        <lastTsdt>20211018113644</lastTsdt>
        <lastTedt>20211018113856</lastTedt>
        <nowTsdt />
        <powerType />
        <output>50</output>
        <method>단독</method>
        <zcode>41</zcode>
        <parkingFree>N</parkingFree>
        <note />
        <limitYn>N</limitYn>
        <limitDetail />
        <delYn>N</delYn>
        <delDetail />
    </item>
</items>